AA0001,10.25378/janelia.5520037
AA0002,10.25378/janelia.5520049
AA0003,10.25378/janelia.5520055
AA0004,10.25378/janelia.5520205
AA0005,10.25378/janelia.5520220
AA0006,10.25378/janelia.5520223
AA0007,10.25378/janelia.5520226
AA0008,10.25378/janelia.5520451
AA0009,10.25378/janelia.5520502
AA0010,10.25378/janelia.5521600
AA0011,10.25378/janelia.5521615
AA0012,10.25378/janelia.5521618
AA0013,10.25378/janelia.5521621
AA0014,10.25378/janelia.5521624
AA0015,10.25378/janelia.5521627
AA0016,10.25378/janelia.5521630
AA0017,10.25378/janelia.5521633
AA0018,10.25378/janelia.5521636
AA0019,10.25378/janelia.5521639
AA0020,10.25378/janelia.5521642
AA0021,10.25378/janelia.5521645
AA0022,10.25378/janelia.5521648
AA0023,10.25378/janelia.5521651
AA0024,10.25378/janelia.5521654
AA0025,10.25378/janelia.5521657
AA0026,10.25378/janelia.5521660
AA0027,10.25378/janelia.5521663
AA0028,10.25378/janelia.5521666
AA0029,10.25378/janelia.5521669
AA0030,10.25378/janelia.5521672
AA0031,10.25378/janelia.5521675
AA0032,10.25378/janelia.5521678
AA0033,10.25378/janelia.5521681
AA0034,10.25378/janelia.5521684
AA0035,10.25378/janelia.5521690
AA0036,10.25378/janelia.5521696
AA0037,10.25378/janelia.5521699
AA0038,10.25378/janelia.5521702
AA0039,10.25378/janelia.5521705
AA0040,10.25378/janelia.5521708
AA0041,10.25378/janelia.5521711
AA0042,10.25378/janelia.5521714
AA0043,10.25378/janelia.5521720
AA0044,10.25378/janelia.5521723
AA0045,10.25378/janelia.5521726
AA0046,10.25378/janelia.5521729
AA0047,10.25378/janelia.5521732
AA0048,10.25378/janelia.5521735
AA0049,10.25378/janelia.5521741
AA0050,10.25378/janelia.5521744
AA0051,10.25378/janelia.5521750
AA0052,10.25378/janelia.5521753
AA0053,10.25378/janelia.5521762
AA0054,10.25378/janelia.5521765
AA0055,10.25378/janelia.5521768
AA0056,10.25378/janelia.5521771
AA0057,10.25378/janelia.5521774
AA0058,10.25378/janelia.5521777
AA0059,10.25378/janelia.5521780
AA0060,10.25378/janelia.5521783
AA0061,10.25378/janelia.5521786
AA0062,10.25378/janelia.5521789
AA0063,10.25378/janelia.5521792
AA0064,10.25378/janelia.5521798
AA0065,10.25378/janelia.5521801
AA0066,10.25378/janelia.5521807
AA0067,10.25378/janelia.5521813
AA0068,10.25378/janelia.5521816
AA0069,10.25378/janelia.5521819
AA0070,10.25378/janelia.5521825
AA0071,10.25378/janelia.5521831
AA0072,10.25378/janelia.5521834
AA0073,10.25378/janelia.5521795
AA0074,10.25378/janelia.5521804
AA0075,10.25378/janelia.5521810
AA0076,10.25378/janelia.5521822
AA0077,10.25378/janelia.5521828
AA0078,10.25378/janelia.5521843
AA0079,10.25378/janelia.5521846
AA0080,10.25378/janelia.5526619
AA0081,10.25378/janelia.5526622
AA0082,10.25378/janelia.5526625
AA0083,10.25378/janelia.5526628
AA0084,10.25378/janelia.5526631
AA0085,10.25378/janelia.5526634
AA0086,10.25378/janelia.5526637
AA0087,10.25378/janelia.5526640
AA0088,10.25378/janelia.5526643
AA0089,10.25378/janelia.5526646
AA0090,10.25378/janelia.5526649
AA0091,10.25378/janelia.5526652
AA0092,10.25378/janelia.5526655
AA0093,10.25378/janelia.5526658
AA0094,10.25378/janelia.5526661
AA0095,10.25378/janelia.5526664
AA0096,10.25378/janelia.5526667
AA0097,10.25378/janelia.5526670
AA0098,10.25378/janelia.5526673
AA0099,10.25378/janelia.5526676
AA0100,10.25378/janelia.5526679
AA0101,10.25378/janelia.5526682
AA0102,10.25378/janelia.5526685
AA0103,10.25378/janelia.5526688
AA0104,10.25378/janelia.5526691
AA0105,10.25378/janelia.5526694
AA0106,10.25378/janelia.5526697
AA0107,10.25378/janelia.5526700
AA0108,10.25378/janelia.5526703
AA0109,10.25378/janelia.5526706
AA0110,10.25378/janelia.5526712
AA0111,10.25378/janelia.5526715
AA0112,10.25378/janelia.5526709
AA0113,10.25378/janelia.5526718
AA0114,10.25378/janelia.5526721
AA0115,10.25378/janelia.5526724
AA0116,10.25378/janelia.5526727
AA0117,10.25378/janelia.5526730
AA0118,10.25378/janelia.5526733
AA0119,10.25378/janelia.5526736
AA0120,10.25378/janelia.5527234
AA0121,10.25378/janelia.5527237
AA0122,10.25378/janelia.5527240
AA0123,10.25378/janelia.5527243
AA0124,10.25378/janelia.5527246
AA0125,10.25378/janelia.5527249
AA0126,10.25378/janelia.5527252
AA0127,10.25378/janelia.5527255
AA0128,10.25378/janelia.5527258
AA0129,10.25378/janelia.5527261
AA0130,10.25378/janelia.5527264
AA0131,10.25378/janelia.5527267
AA0132,10.25378/janelia.5527270
AA0133,10.25378/janelia.5527273
AA0134,10.25378/janelia.5527276
AA0135,10.25378/janelia.5527279
AA0136,10.25378/janelia.5527282
AA0137,10.25378/janelia.5527285
AA0138,10.25378/janelia.5527288
AA0139,10.25378/janelia.5527294
AA0140,10.25378/janelia.5527297
AA0141,10.25378/janelia.5527303
AA0142,10.25378/janelia.5527309
AA0143,10.25378/janelia.5527312
AA0144,10.25378/janelia.5527306
AA0145,10.25378/janelia.5527321
AA0146,10.25378/janelia.5527318
AA0147,10.25378/janelia.5527324
AA0148,10.25378/janelia.5527333
AA0149,10.25378/janelia.5527336
AA0150,10.25378/janelia.5527339
AA0151,10.25378/janelia.5527348
AA0152,10.25378/janelia.5527351
AA0153,10.25378/janelia.5527354
AA0154,10.25378/janelia.5527357
AA0155,10.25378/janelia.5527360
AA0156,10.25378/janelia.5527363
AA0157,10.25378/janelia.5527366
AA0158,10.25378/janelia.5527369
AA0159,10.25378/janelia.5527372
AA0160,10.25378/janelia.5527375
AA0161,10.25378/janelia.5527378
AA0162,10.25378/janelia.5527381
AA0163,10.25378/janelia.5527384
AA0164,10.25378/janelia.5527390
AA0165,10.25378/janelia.5527393
AA0166,10.25378/janelia.5527396
AA0167,10.25378/janelia.5527399
AA0168,10.25378/janelia.5527402
AA0169,10.25378/janelia.5527408
AA0170,10.25378/janelia.5527411
AA0171,10.25378/janelia.5527414
AA0172,10.25378/janelia.5527417
AA0173,10.25378/janelia.5527420
AA0174,10.25378/janelia.5527423
AA0175,10.25378/janelia.5527426
AA0176,10.25378/janelia.5527429
AA0177,10.25378/janelia.5527432
AA0178,10.25378/janelia.5527435
AA0179,10.25378/janelia.5527438
AA0180,10.25378/janelia.5527441
AA0181,10.25378/janelia.5527444
AA0182,10.25378/janelia.5527447
AA0183,10.25378/janelia.5527450
AA0184,10.25378/janelia.5527453
AA0185,10.25378/janelia.5527456
AA0186,10.25378/janelia.5527462
AA0187,10.25378/janelia.5527465
AA0188,10.25378/janelia.5527468
AA0189,10.25378/janelia.5527471
AA0190,10.25378/janelia.5527474
AA0191,10.25378/janelia.5527477
AA0192,10.25378/janelia.5527480
AA0193,10.25378/janelia.5527483
AA0194,10.25378/janelia.5527489
AA0195,10.25378/janelia.5527492
AA0196,10.25378/janelia.5527495
AA0197,10.25378/janelia.5527498
AA0198,10.25378/janelia.5527501
AA0199,10.25378/janelia.5527504
AA0200,10.25378/janelia.5527510
AA0201,10.25378/janelia.5527513
AA0202,10.25378/janelia.5527516
AA0203,10.25378/janelia.5527519
AA0204,10.25378/janelia.5527522
AA0205,10.25378/janelia.5527525
AA0206,10.25378/janelia.5527528
AA0207,10.25378/janelia.5527531
AA0208,10.25378/janelia.5527534
AA0209,10.25378/janelia.5527537
AA0210,10.25378/janelia.5527540
AA0211,10.25378/janelia.5527543
AA0212,10.25378/janelia.5527546
AA0213,10.25378/janelia.5527549
AA0214,10.25378/janelia.5527552
AA0215,10.25378/janelia.5527555
AA0216,10.25378/janelia.5527558
AA0217,10.25378/janelia.5527561
AA0218,10.25378/janelia.5527564
AA0219,10.25378/janelia.5527567
AA0220,10.25378/janelia.5527570
AA0221,10.25378/janelia.5527573
AA0222,10.25378/janelia.5527576
AA0223,10.25378/janelia.5527579
AA0224,10.25378/janelia.5527582
AA0225,10.25378/janelia.5527585
AA0226,10.25378/janelia.5527591
AA0227,10.25378/janelia.5527594
AA0228,10.25378/janelia.5527597
AA0229,10.25378/janelia.5527600
AA0230,10.25378/janelia.5527603
AA0231,10.25378/janelia.5527606
AA0232,10.25378/janelia.5527609
AA0233,10.25378/janelia.5527612
AA0234,10.25378/janelia.5527615
AA0235,10.25378/janelia.5527618
AA0236,10.25378/janelia.5527621
AA0237,10.25378/janelia.5527630
AA0238,10.25378/janelia.5527633
AA0239,10.25378/janelia.5527636
AA0240,10.25378/janelia.5527642
AA0241,10.25378/janelia.5527645
AA0242,10.25378/janelia.5527648
AA0243,10.25378/janelia.5527651
AA0244,10.25378/janelia.5527654
AA0245,10.25378/janelia.5527657
AA0246,10.25378/janelia.5527663
AA0247,10.25378/janelia.5527669
AA0248,10.25378/janelia.5527672
AA0249,10.25378/janelia.5527675
AA0250,10.25378/janelia.5527678
AA0251,10.25378/janelia.5527681
AA0252,10.25378/janelia.5527684
AA0253,10.25378/janelia.5527690
AA0254,10.25378/janelia.5527693
AA0255,10.25378/janelia.5527696
AA0256,10.25378/janelia.5527699
AA0257,10.25378/janelia.5527702
AA0258,10.25378/janelia.5527705
AA0259,10.25378/janelia.5527711
AA0260,10.25378/janelia.5527714
AA0261,10.25378/janelia.5527717
AA0262,10.25378/janelia.5527720
AA0263,10.25378/janelia.5527723
AA0264,10.25378/janelia.5527726
AA0265,10.25378/janelia.5527738
AA0266,10.25378/janelia.5527741
AA0267,10.25378/janelia.5527747
AA0268,10.25378/janelia.5527750
AA0269,10.25378/janelia.5527753
AA0270,10.25378/janelia.5527759
AA0271,10.25378/janelia.5527762
AA0272,10.25378/janelia.5527765
AA0273,10.25378/janelia.5527771
AA0274,10.25378/janelia.5527774
AA0275,10.25378/janelia.5527777
AA0276,10.25378/janelia.5527780
AA0277,10.25378/janelia.5527786
AA0278,10.25378/janelia.5527789
AA0279,10.25378/janelia.5527792
AA0280,10.25378/janelia.5527795
AA0281,10.25378/janelia.5527798
AA0282,10.25378/janelia.5527801
AA0283,10.25378/janelia.5527804
AA0284,10.25378/janelia.5527807
AA0285,10.25378/janelia.5527810
AA0286,10.25378/janelia.5527813
AA0287,10.25378/janelia.5527816
AA0288,10.25378/janelia.5527819
AA0289,10.25378/janelia.5527822
AA0290,10.25378/janelia.5527825
AA0291,10.25378/janelia.5527828
AA0292,10.25378/janelia.5527831
AA0293,10.25378/janelia.5527834
AA0294,10.25378/janelia.5527837
AA0295,10.25378/janelia.5527840
AA0296,10.25378/janelia.5527843
AA0297,10.25378/janelia.5527846
AA0298,10.25378/janelia.5527849
AA0299,10.25378/janelia.5527852
AA0300,10.25378/janelia.5527855
AA0301,10.25378/janelia.5542579
AA0302,10.25378/janelia.5542666
AA0303,10.25378/janelia.7613357
AA0304,10.25378/janelia.7613360
AA0305,10.25378/janelia.7613387
AA0306,10.25378/janelia.7613393
AA0307,10.25378/janelia.7613396
AA0308,10.25378/janelia.7613402
AA0309,10.25378/janelia.7613408
AA0310,10.25378/janelia.7613411
AA0311,10.25378/janelia.7613414
AA0312,10.25378/janelia.7613423
AA0313,10.25378/janelia.7613429
AA0314,10.25378/janelia.7613438
AA0315,10.25378/janelia.7613441
AA0316,10.25378/janelia.7613450
AA0317,10.25378/janelia.7613453
AA0318,10.25378/janelia.7613456
AA0319,10.25378/janelia.7613459
AA0320,10.25378/janelia.7613465
AA0321,10.25378/janelia.7613471
AA0322,10.25378/janelia.7613474
AA0323,10.25378/janelia.7613477
AA0324,10.25378/janelia.7613486
AA0325,10.25378/janelia.7613492
AA0326,10.25378/janelia.7613495
AA0327,10.25378/janelia.7613498
AA0328,10.25378/janelia.7613507
AA0329,10.25378/janelia.7613525
AA0330,10.25378/janelia.7613663
AA0331,10.25378/janelia.7613672
AA0332,10.25378/janelia.7613684
AA0333,10.25378/janelia.7613693
AA0334,10.25378/janelia.7613699
AA0335,10.25378/janelia.7613708
AA0336,10.25378/janelia.7613717
AA0337,10.25378/janelia.7613723
AA0338,10.25378/janelia.7613726
AA0339,10.25378/janelia.7613735
AA0340,10.25378/janelia.7613747
AA0341,10.25378/janelia.7613756
AA0342,10.25378/janelia.7613765
AA0343,10.25378/janelia.7613768
AA0344,10.25378/janelia.7613771
AA0345,10.25378/janelia.7613783
AA0346,10.25378/janelia.7613786
AA0347,10.25378/janelia.7613795
AA0348,10.25378/janelia.7613801
AA0349,10.25378/janelia.7613813
AA0350,10.25378/janelia.7613816
AA0351,10.25378/janelia.7613819
AA0352,10.25378/janelia.7613822
AA0353,10.25378/janelia.7613825
AA0354,10.25378/janelia.7613828
AA0355,10.25378/janelia.7613831
AA0356,10.25378/janelia.7613834
AA0357,10.25378/janelia.7613840
AA0358,10.25378/janelia.7613846
AA0359,10.25378/janelia.7613849
AA0360,10.25378/janelia.7613861
AA0361,10.25378/janelia.7613870
AA0362,10.25378/janelia.7613882
AA0363,10.25378/janelia.7613897
AA0364,10.25378/janelia.7613900
AA0365,10.25378/janelia.7613903
AA0366,10.25378/janelia.7613906
AA0367,10.25378/janelia.7613909
AA0368,10.25378/janelia.7613912
AA0369,10.25378/janelia.7613915
AA0370,10.25378/janelia.7613921
AA0371,10.25378/janelia.7613924
AA0372,10.25378/janelia.7613927
AA0373,10.25378/janelia.7613930
AA0374,10.25378/janelia.7613933
AA0375,10.25378/janelia.7613936
AA0376,10.25378/janelia.7613942
AA0377,10.25378/janelia.7613945
AA0378,10.25378/janelia.7613951
AA0379,10.25378/janelia.7613954
AA0380,10.25378/janelia.7614011
AA0381,10.25378/janelia.7614014
AA0382,10.25378/janelia.7614020
AA0383,10.25378/janelia.7614026
AA0384,10.25378/janelia.7614035
AA0385,10.25378/janelia.7614044
AA0386,10.25378/janelia.7614056
AA0387,10.25378/janelia.7614062
AA0388,10.25378/janelia.7614065
AA0389,10.25378/janelia.7614074
AA0390,10.25378/janelia.7614077
AA0391,10.25378/janelia.7614080
AA0392,10.25378/janelia.7614086
AA0393,10.25378/janelia.7614098
AA0394,10.25378/janelia.7614101
AA0395,10.25378/janelia.7614104
AA0396,10.25378/janelia.7614107
AA0397,10.25378/janelia.7614113
AA0398,10.25378/janelia.7614116
AA0399,10.25378/janelia.7614119
AA0400,10.25378/janelia.7614122
AA0401,10.25378/janelia.7614125
AA0402,10.25378/janelia.7614128
AA0403,10.25378/janelia.7614131
AA0404,10.25378/janelia.7614134
AA0405,10.25378/janelia.7614137
AA0406,10.25378/janelia.7614143
AA0407,10.25378/janelia.7614158
AA0408,10.25378/janelia.7614173
AA0409,10.25378/janelia.7614182
AA0410,10.25378/janelia.7614191
AA0411,10.25378/janelia.7614194
AA0412,10.25378/janelia.7614200
AA0413,10.25378/janelia.7614203
AA0414,10.25378/janelia.7614206
AA0415,10.25378/janelia.7614212
AA0416,10.25378/janelia.7614215
AA0417,10.25378/janelia.7614218
AA0418,10.25378/janelia.7614221
AA0419,10.25378/janelia.7614227
AA0420,10.25378/janelia.7614230
AA0421,10.25378/janelia.7614233
AA0422,10.25378/janelia.7614236
AA0423,10.25378/janelia.7614239
AA0424,10.25378/janelia.7614242
AA0425,10.25378/janelia.7614245
AA0426,10.25378/janelia.7614251
AA0427,10.25378/janelia.7614254
AA0428,10.25378/janelia.7614257
AA0429,10.25378/janelia.7614260
AA0430,10.25378/janelia.7614281
AA0431,10.25378/janelia.7614287
AA0432,10.25378/janelia.7614290
AA0433,10.25378/janelia.7614296
AA0434,10.25378/janelia.7614302
AA0435,10.25378/janelia.7614305
AA0436,10.25378/janelia.7614308
AA0437,10.25378/janelia.7614314
AA0438,10.25378/janelia.7614317
AA0439,10.25378/janelia.7614329
AA0440,10.25378/janelia.7614341
AA0441,10.25378/janelia.7614356
AA0442,10.25378/janelia.7614368
AA0443,10.25378/janelia.7614398
AA0444,10.25378/janelia.7614479
AA0445,10.25378/janelia.7614596
AA0446,10.25378/janelia.7614707
AA0447,10.25378/janelia.7614803
AA0448,10.25378/janelia.7614854
AA0449,10.25378/janelia.7614884
AA0450,10.25378/janelia.7614965
AA0451,10.25378/janelia.7615208
AA0452,10.25378/janelia.7615274
AA0453,10.25378/janelia.7615361
AA0454,10.25378/janelia.7615388
AA0455,10.25378/janelia.7615478
AA0456,10.25378/janelia.7615532
AA0457,10.25378/janelia.7615589
AA0458,10.25378/janelia.7615661
AA0459,10.25378/janelia.7615664
AA0460,10.25378/janelia.7615835
AA0461,10.25378/janelia.7615838
AA0462,10.25378/janelia.7615862
AA0463,10.25378/janelia.7615868
AA0464,10.25378/janelia.7615880
AA0465,10.25378/janelia.7615889
AA0466,10.25378/janelia.7615895
AA0467,10.25378/janelia.7615901
AA0468,10.25378/janelia.7615907
AA0469,10.25378/janelia.7615934
AA0470,10.25378/janelia.7615940
AA0471,10.25378/janelia.7615952
AA0472,10.25378/janelia.7615958
AA0473,10.25378/janelia.7615961
AA0474,10.25378/janelia.7615964
AA0475,10.25378/janelia.7615967
AA0476,10.25378/janelia.7615970
AA0477,10.25378/janelia.7615976
AA0478,10.25378/janelia.7615979
AA0479,10.25378/janelia.7615982
AA0480,10.25378/janelia.7615988
AA0481,10.25378/janelia.7615991
AA0482,10.25378/janelia.7615997
AA0483,10.25378/janelia.7616000
AA0484,10.25378/janelia.7616003
AA0485,10.25378/janelia.7616006
AA0486,10.25378/janelia.7616012
AA0487,10.25378/janelia.7616018
AA0488,10.25378/janelia.7616024
AA0489,10.25378/janelia.7616030
AA0490,10.25378/janelia.7616033
AA0491,10.25378/janelia.7616039
AA0492,10.25378/janelia.7616045
AA0493,10.25378/janelia.7616051
AA0494,10.25378/janelia.7616054
AA0495,10.25378/janelia.7616057
AA0496,10.25378/janelia.7616060
AA0497,10.25378/janelia.7616063
AA0498,10.25378/janelia.7616066
AA0499,10.25378/janelia.7616069
AA0500,10.25378/janelia.7619336
AA0501,10.25378/janelia.7619354
AA0502,10.25378/janelia.7619369
AA0503,10.25378/janelia.7639652
AA0504,10.25378/janelia.7639655
AA0505,10.25378/janelia.7639709
AA0506,10.25378/janelia.7639721
AA0507,10.25378/janelia.7639739
AA0508,10.25378/janelia.7639775
AA0509,10.25378/janelia.7639781
AA0510,10.25378/janelia.7639787
AA0511,10.25378/janelia.7639793
AA0512,10.25378/janelia.7639811
AA0513,10.25378/janelia.7639814
AA0514,10.25378/janelia.7639817
AA0515,10.25378/janelia.7639823
AA0516,10.25378/janelia.7639826
AA0517,10.25378/janelia.7639829
AA0518,10.25378/janelia.7639832
AA0519,10.25378/janelia.7639835
AA0520,10.25378/janelia.7639838
AA0521,10.25378/janelia.7639847
AA0522,10.25378/janelia.7639853
AA0523,10.25378/janelia.7639856
AA0524,10.25378/janelia.7639862
AA0525,10.25378/janelia.7639865
AA0526,10.25378/janelia.7639868
AA0527,10.25378/janelia.7639871
AA0528,10.25378/janelia.7639874
AA0529,10.25378/janelia.7639877
AA0530,10.25378/janelia.7639880
AA0531,10.25378/janelia.7639988
AA0532,10.25378/janelia.7639991
AA0533,10.25378/janelia.7640054
AA0534,10.25378/janelia.7640063
AA0535,10.25378/janelia.7640075
AA0536,10.25378/janelia.7640081
AA0537,10.25378/janelia.7640093
AA0538,10.25378/janelia.7640099
AA0539,10.25378/janelia.7640105
AA0540,10.25378/janelia.7640156
AA0541,10.25378/janelia.7640162
AA0542,10.25378/janelia.7640165
AA0543,10.25378/janelia.7640168
AA0544,10.25378/janelia.7640171
AA0545,10.25378/janelia.7640174
AA0546,10.25378/janelia.7640186
AA0547,10.25378/janelia.7640195
AA0548,10.25378/janelia.7640198
AA0549,10.25378/janelia.7640201
AA0550,10.25378/janelia.7640204
AA0551,10.25378/janelia.7640207
AA0552,10.25378/janelia.7640213
AA0553,10.25378/janelia.7640216
AA0554,10.25378/janelia.7640219
AA0555,10.25378/janelia.7640228
AA0556,10.25378/janelia.7640234
AA0557,10.25378/janelia.7640240
AA0558,10.25378/janelia.7640243
AA0559,10.25378/janelia.7640246
AA0560,10.25378/janelia.7649456
AA0561,10.25378/janelia.7649471
AA0562,10.25378/janelia.7649747
AA0563,10.25378/janelia.7649753
AA0564,10.25378/janelia.7649756
AA0565,10.25378/janelia.7649795
AA0566,10.25378/janelia.7649798
AA0567,10.25378/janelia.7649807
AA0568,10.25378/janelia.7649822
AA0569,10.25378/janelia.7649825
AA0570,10.25378/janelia.7649828
AA0571,10.25378/janelia.7649831
AA0572,10.25378/janelia.7649834
AA0573,10.25378/janelia.7649837
AA0574,10.25378/janelia.7649843
AA0575,10.25378/janelia.7649846
AA0576,10.25378/janelia.7649849
AA0577,10.25378/janelia.7649852
AA0578,10.25378/janelia.7649858
AA0579,10.25378/janelia.7649861
AA0580,10.25378/janelia.7649867
AA0581,10.25378/janelia.7649870
AA0582,10.25378/janelia.7649873
AA0583,10.25378/janelia.7649900
AA0584,10.25378/janelia.7649918
AA0585,10.25378/janelia.7649921
AA0586,10.25378/janelia.7649924
AA0587,10.25378/janelia.7649927
AA0588,10.25378/janelia.7649933
AA0589,10.25378/janelia.7649939
AA0590,10.25378/janelia.7649942
AA0591,10.25378/janelia.7649945
AA0592,10.25378/janelia.7649948
AA0593,10.25378/janelia.7649957
AA0594,10.25378/janelia.7649966
AA0595,10.25378/janelia.7649975
AA0596,10.25378/janelia.7649984
AA0597,10.25378/janelia.7649993
AA0598,10.25378/janelia.7650002
AA0599,10.25378/janelia.7650020
AA0600,10.25378/janelia.7650029
AA0601,10.25378/janelia.7650035
AA0602,10.25378/janelia.7650038
AA0603,10.25378/janelia.7650041
AA0604,10.25378/janelia.7650044
AA0605,10.25378/janelia.7650047
AA0606,10.25378/janelia.7650050
AA0607,10.25378/janelia.7650059
AA0608,10.25378/janelia.7650065
AA0609,10.25378/janelia.7650068
AA0610,10.25378/janelia.7653146
AA0611,10.25378/janelia.7653149
AA0612,10.25378/janelia.7653152
AA0613,10.25378/janelia.7653155
AA0614,10.25378/janelia.7653158
AA0615,10.25378/janelia.7653188
AA0616,10.25378/janelia.7655687
AA0617,10.25378/janelia.7655711
AA0618,10.25378/janelia.7655729
AA0619,10.25378/janelia.7655735
AA0620,10.25378/janelia.7655738
AA0621,10.25378/janelia.7655750
AA0622,10.25378/janelia.7655753
AA0623,10.25378/janelia.7655756
AA0624,10.25378/janelia.7655762
AA0625,10.25378/janelia.7655765
AA0626,10.25378/janelia.7655768
AA0627,10.25378/janelia.7655771
AA0628,10.25378/janelia.7655780
AA0629,10.25378/janelia.7655783
AA0630,10.25378/janelia.7658003
AA0631,10.25378/janelia.7658039
AA0632,10.25378/janelia.7658054
AA0633,10.25378/janelia.7658057
AA0634,10.25378/janelia.7658060
AA0635,10.25378/janelia.7658069
AA0636,10.25378/janelia.7658072
AA0637,10.25378/janelia.7658075
AA0638,10.25378/janelia.7658078
AA0639,10.25378/janelia.7658081
AA0640,10.25378/janelia.7658084
AA0641,10.25378/janelia.7658087
AA0642,10.25378/janelia.7658090
AA0643,10.25378/janelia.7658099
AA0644,10.25378/janelia.7658108
AA0645,10.25378/janelia.7658114
AA0646,10.25378/janelia.7658126
AA0647,10.25378/janelia.7658135
AA0648,10.25378/janelia.7658138
AA0649,10.25378/janelia.7658141
AA0650,10.25378/janelia.7658144
AA0651,10.25378/janelia.7658147
AA0652,10.25378/janelia.7658150
AA0653,10.25378/janelia.7658153
AA0654,10.25378/janelia.7658156
AA0655,10.25378/janelia.7658210
AA0656,10.25378/janelia.7658219
AA0657,10.25378/janelia.7658222
AA0658,10.25378/janelia.7658225
AA0659,10.25378/janelia.7658231
AA0660,10.25378/janelia.7658234
AA0661,10.25378/janelia.7658237
AA0662,10.25378/janelia.7658243
AA0663,10.25378/janelia.7658246
AA0664,10.25378/janelia.7658249
AA0665,10.25378/janelia.7658252
AA0666,10.25378/janelia.7658255
AA0667,10.25378/janelia.7658258
AA0668,10.25378/janelia.7658261
AA0669,10.25378/janelia.7658264
AA0670,10.25378/janelia.7704197
AA0671,10.25378/janelia.7704200
AA0672,10.25378/janelia.7704203
AA0673,10.25378/janelia.7704209
AA0674,10.25378/janelia.7704212
AA0675,10.25378/janelia.7704218
AA0676,10.25378/janelia.7704221
AA0677,10.25378/janelia.7704224
AA0678,10.25378/janelia.7704227
AA0679,10.25378/janelia.7704230
AA0680,10.25378/janelia.7704233
AA0681,10.25378/janelia.7704242
AA0682,10.25378/janelia.7704254
AA0683,10.25378/janelia.7704263
AA0684,10.25378/janelia.7704269
AA0685,10.25378/janelia.7704272
AA0686,10.25378/janelia.7704275
AA0687,10.25378/janelia.7704278
AA0688,10.25378/janelia.7704281
AA0689,10.25378/janelia.7704284
AA0690,10.25378/janelia.7704287
AA0691,10.25378/janelia.7704290
AA0692,10.25378/janelia.7704296
AA0693,10.25378/janelia.7704308
AA0694,10.25378/janelia.7704317
AA0695,10.25378/janelia.7704338
AA0696,10.25378/janelia.7704341
AA0697,10.25378/janelia.7704344
AA0698,10.25378/janelia.7704347
AA0699,10.25378/janelia.7704350
AA0700,10.25378/janelia.7704353
AA0701,10.25378/janelia.7704356
AA0702,10.25378/janelia.7704359
AA0703,10.25378/janelia.7704362
AA0704,10.25378/janelia.7704368
AA0705,10.25378/janelia.7704377
AA0706,10.25378/janelia.7704389
AA0707,10.25378/janelia.7704398
AA0708,10.25378/janelia.7704407
AA0709,10.25378/janelia.7704410
AA0710,10.25378/janelia.7704413
AA0711,10.25378/janelia.7704416
AA0712,10.25378/janelia.7704419
AA0713,10.25378/janelia.7704422
AA0714,10.25378/janelia.7704425
AA0715,10.25378/janelia.7704449
AA0716,10.25378/janelia.7704455
AA0717,10.25378/janelia.7704458
AA0718,10.25378/janelia.7704461
AA0719,10.25378/janelia.7704464
AA0720,10.25378/janelia.7707104
AA0721,10.25378/janelia.7707131
AA0722,10.25378/janelia.7707164
AA0723,10.25378/janelia.7707176
AA0724,10.25378/janelia.7707182
AA0725,10.25378/janelia.7707188
AA0726,10.25378/janelia.7707194
AA0727,10.25378/janelia.7707206
AA0728,10.25378/janelia.7707224
AA0729,10.25378/janelia.7707248
AA0730,10.25378/janelia.7707272
AA0731,10.25378/janelia.7707275
AA0732,10.25378/janelia.7707281
AA0733,10.25378/janelia.7707284
AA0734,10.25378/janelia.7707296
AA0735,10.25378/janelia.7707302
AA0736,10.25378/janelia.7707311
AA0737,10.25378/janelia.7707320
AA0738,10.25378/janelia.7707323
AA0739,10.25378/janelia.7707326
AA0740,10.25378/janelia.7707332
AA0741,10.25378/janelia.7707338
AA0742,10.25378/janelia.7707347
AA0743,10.25378/janelia.7707350
AA0744,10.25378/janelia.7707356
AA0745,10.25378/janelia.7707359
AA0746,10.25378/janelia.7707365
AA0747,10.25378/janelia.7707368
AA0748,10.25378/janelia.7707371
AA0749,10.25378/janelia.7707374
AA0750,10.25378/janelia.7707380
AA0751,10.25378/janelia.7707383
AA0752,10.25378/janelia.7707386
AA0753,10.25378/janelia.7707389
AA0754,10.25378/janelia.7710017
AA0755,10.25378/janelia.7710023
AA0756,10.25378/janelia.7710026
AA0757,10.25378/janelia.7710035
AA0758,10.25378/janelia.7710044
AA0759,10.25378/janelia.7710047
AA0760,10.25378/janelia.7710050
AA0761,10.25378/janelia.7710053
AA0762,10.25378/janelia.7710056
AA0763,10.25378/janelia.7710062
AA0764,10.25378/janelia.7710065
AA0765,10.25378/janelia.7710068
AA0766,10.25378/janelia.7710071
AA0767,10.25378/janelia.7710077
AA0768,10.25378/janelia.7710080
AA0769,10.25378/janelia.7710083
AA0770,10.25378/janelia.7710089
AA0771,10.25378/janelia.7710098
AA0772,10.25378/janelia.7710107
AA0773,10.25378/janelia.7710113
AA0774,10.25378/janelia.7710116
AA0775,10.25378/janelia.7710119
AA0776,10.25378/janelia.7710122
AA0777,10.25378/janelia.7710125
AA0778,10.25378/janelia.7710131
AA0779,10.25378/janelia.7710134
AA0780,10.25378/janelia.7739285
AA0781,10.25378/janelia.7739288
AA0782,10.25378/janelia.7739303
AA0783,10.25378/janelia.7739312
AA0784,10.25378/janelia.7739321
AA0785,10.25378/janelia.7739324
AA0786,10.25378/janelia.7739330
AA0787,10.25378/janelia.7739366
AA0788,10.25378/janelia.7739369
AA0789,10.25378/janelia.7739375
AA0790,10.25378/janelia.7739384
AA0791,10.25378/janelia.7739399
AA0792,10.25378/janelia.7739402
AA0793,10.25378/janelia.7739510
AA0794,10.25378/janelia.7739516
AA0795,10.25378/janelia.7739519
AA0796,10.25378/janelia.7739525
AA0797,10.25378/janelia.7739534
AA0798,10.25378/janelia.7739537
AA0799,10.25378/janelia.7739540
AA0800,10.25378/janelia.7739543
AA0801,10.25378/janelia.7739549
AA0802,10.25378/janelia.7739555
AA0803,10.25378/janelia.7739558
AA0804,10.25378/janelia.7739561
AA0805,10.25378/janelia.7739570
AA0806,10.25378/janelia.7739630
AA0807,10.25378/janelia.7739642
AA0808,10.25378/janelia.7739645
AA0809,10.25378/janelia.7739648
AA0810,10.25378/janelia.7739651
AA0811,10.25378/janelia.7739687
AA0812,10.25378/janelia.7739693
AA0813,10.25378/janelia.7739702
AA0814,10.25378/janelia.7739705
AA0815,10.25378/janelia.7739708
AA0816,10.25378/janelia.7739711
AA0817,10.25378/janelia.7739717
AA0818,10.25378/janelia.7739723
AA0819,10.25378/janelia.7739726
AA0820,10.25378/janelia.7739729
AA0821,10.25378/janelia.7739732
AA0822,10.25378/janelia.7739735
AA0823,10.25378/janelia.7739738
AA0824,10.25378/janelia.7739747
AA0825,10.25378/janelia.7739753
AA0826,10.25378/janelia.7739756
AA0827,10.25378/janelia.7739768
AA0828,10.25378/janelia.7739771
AA0829,10.25378/janelia.7739774
AA0830,10.25378/janelia.7739777
AA0831,10.25378/janelia.7739780
AA0832,10.25378/janelia.7739789
AA0833,10.25378/janelia.7739795
AA0834,10.25378/janelia.7739810
AA0835,10.25378/janelia.7739822
AA0836,10.25378/janelia.7739879
AA0837,10.25378/janelia.7739888
AA0838,10.25378/janelia.7739894
AA0839,10.25378/janelia.7739897
AA0840,10.25378/janelia.7739903
AA0841,10.25378/janelia.7739909
AA0842,10.25378/janelia.7739915
AA0843,10.25378/janelia.7739918
AA0844,10.25378/janelia.7739921
AA0845,10.25378/janelia.7739924
AA0846,10.25378/janelia.7739927
AA0847,10.25378/janelia.7739930
AA0848,10.25378/janelia.7739933
AA0849,10.25378/janelia.7739936
AA0850,10.25378/janelia.7739939
AA0851,10.25378/janelia.7739948
AA0852,10.25378/janelia.7739951
AA0853,10.25378/janelia.7739954
AA0854,10.25378/janelia.7739957
AA0855,10.25378/janelia.7739960
AA0856,10.25378/janelia.7739993
AA0857,10.25378/janelia.7740011
AA0858,10.25378/janelia.7740017
AA0859,10.25378/janelia.7740050
AA0860,10.25378/janelia.7740059
AA0861,10.25378/janelia.7740068
AA0862,10.25378/janelia.7740077
AA0863,10.25378/janelia.7740083
AA0864,10.25378/janelia.7740086
AA0865,10.25378/janelia.7740089
AA0866,10.25378/janelia.7740092
AA0867,10.25378/janelia.7740095
AA0868,10.25378/janelia.7740098
AA0869,10.25378/janelia.7740104
AA0870,10.25378/janelia.7742552
AA0871,10.25378/janelia.7742561
AA0872,10.25378/janelia.7742564
AA0873,10.25378/janelia.7742567
AA0874,10.25378/janelia.7742570
AA0875,10.25378/janelia.7742573
AA0876,10.25378/janelia.7742576
AA0877,10.25378/janelia.7742579
AA0878,10.25378/janelia.7742582
AA0879,10.25378/janelia.7742774
AA0880,10.25378/janelia.7742777
AA0881,10.25378/janelia.7742780
AA0882,10.25378/janelia.7742783
AA0883,10.25378/janelia.7742786
AA0884,10.25378/janelia.7742789
AA0885,10.25378/janelia.7742795
AA0886,10.25378/janelia.7742804
AA0887,10.25378/janelia.7742807
AA0888,10.25378/janelia.7742810
AA0889,10.25378/janelia.7742816
AA0890,10.25378/janelia.7780769
AA0891,10.25378/janelia.7780772
AA0892,10.25378/janelia.7780775
AA0893,10.25378/janelia.7780778
AA0894,10.25378/janelia.7780793
AA0895,10.25378/janelia.7780802
AA0896,10.25378/janelia.7780808
AA0897,10.25378/janelia.7780811
AA0898,10.25378/janelia.7780814
AA0899,10.25378/janelia.7780820
AA0900,10.25378/janelia.7780826
AA0901,10.25378/janelia.7780829
AA0902,10.25378/janelia.7780832
AA0903,10.25378/janelia.7780835
AA0904,10.25378/janelia.7780844
AA0905,10.25378/janelia.7780856
AA0906,10.25378/janelia.7780859
AA0907,10.25378/janelia.7780862
AA0908,10.25378/janelia.7780865
AA0909,10.25378/janelia.7780868
AA0910,10.25378/janelia.7780871
AA0911,10.25378/janelia.7780874
AA0912,10.25378/janelia.7780877
AA0913,10.25378/janelia.7780880
AA0914,10.25378/janelia.7780883
AA0915,10.25378/janelia.7780892
AA0916,10.25378/janelia.7780898
AA0917,10.25378/janelia.7780901
AA0918,10.25378/janelia.7780904
AA0919,10.25378/janelia.7780907
AA0920,10.25378/janelia.7803695
AA0921,10.25378/janelia.7803701
AA0922,10.25378/janelia.7803710
AA0923,10.25378/janelia.7803737
AA0924,10.25378/janelia.7803755
AA0925,10.25378/janelia.7803761
AA0926,10.25378/janelia.7803767
AA0927,10.25378/janelia.7803770
AA0928,10.25378/janelia.7803788
AA0929,10.25378/janelia.7803794
AA0930,10.25378/janelia.7803824
AA0931,10.25378/janelia.7803869
AA0932,10.25378/janelia.7803884
AA0933,10.25378/janelia.7803890
AA0934,10.25378/janelia.7803917
AA0935,10.25378/janelia.7803974
AA0936,10.25378/janelia.7803977
AA0937,10.25378/janelia.7803986
AA0938,10.25378/janelia.7803989
AA0939,10.25378/janelia.7803992
AA0940,10.25378/janelia.7803995
AA0941,10.25378/janelia.7804004
AA0942,10.25378/janelia.7804016
AA0943,10.25378/janelia.7804025
AA0944,10.25378/janelia.7804028
AA0945,10.25378/janelia.7804034
AA0946,10.25378/janelia.7804037
AA0947,10.25378/janelia.7804043
AA0948,10.25378/janelia.7804049
AA0949,10.25378/janelia.7804055
AA0950,10.25378/janelia.7804061
AA0951,10.25378/janelia.7804064
AA0952,10.25378/janelia.7804067
AA0953,10.25378/janelia.7804070
AA0954,10.25378/janelia.7804073
AA0955,10.25378/janelia.7804082
AA0956,10.25378/janelia.7804088
AA0957,10.25378/janelia.7804091
AA0958,10.25378/janelia.7804097
AA0959,10.25378/janelia.7804100
AA0960,10.25378/janelia.7804352
AA0961,10.25378/janelia.7804361
AA0962,10.25378/janelia.7804367
AA0963,10.25378/janelia.7804376
AA0964,10.25378/janelia.7804385
AA0965,10.25378/janelia.7804388
AA0966,10.25378/janelia.7804391
AA0967,10.25378/janelia.7804397
AA0968,10.25378/janelia.7804400
AA0969,10.25378/janelia.7804406
AA0970,10.25378/janelia.7804412
AA0971,10.25378/janelia.7804415
AA0972,10.25378/janelia.7804427
AA0973,10.25378/janelia.7804442
AA0974,10.25378/janelia.7804445
AA0975,10.25378/janelia.7804448
AA0976,10.25378/janelia.7804451
AA0977,10.25378/janelia.7804457
AA0978,10.25378/janelia.7804460
AA0979,10.25378/janelia.7804466
AA0980,10.25378/janelia.7804475
AA0981,10.25378/janelia.7804478
AA0982,10.25378/janelia.7804502
AA0983,10.25378/janelia.7804508
AA0984,10.25378/janelia.7804541
AA0985,10.25378/janelia.7804544
AA0986,10.25378/janelia.7804547
AA0987,10.25378/janelia.7804550
AA0988,10.25378/janelia.7804553
AA0989,10.25378/janelia.7804556
AA0990,10.25378/janelia.7821707
AA0991,10.25378/janelia.7821893
AA0992,10.25378/janelia.7821941
AA0993,10.25378/janelia.7821944
AA0994,10.25378/janelia.7821947
AA0995,10.25378/janelia.7821950
AA0996,10.25378/janelia.7821953
AA0997,10.25378/janelia.7821956
AA0998,10.25378/janelia.7821962
AA0999,10.25378/janelia.7821965
AA1000,10.25378/janelia.7821968
AA1001,10.25378/janelia.7821977
AA1002,10.25378/janelia.7821986
AA1003,10.25378/janelia.7821989
AA1004,10.25378/janelia.7821992
AA1005,10.25378/janelia.7821995
AA1006,10.25378/janelia.7821998
AA1007,10.25378/janelia.7822001
AA1008,10.25378/janelia.7822004
AA1009,10.25378/janelia.7822007
AA1010,10.25378/janelia.7822010
AA1011,10.25378/janelia.7822013
AA1012,10.25378/janelia.7822016
AA1013,10.25378/janelia.7822022
AA1014,10.25378/janelia.7822031
AA1015,10.25378/janelia.7822034
AA1016,10.25378/janelia.7822037
AA1017,10.25378/janelia.7822040
AA1018,10.25378/janelia.7822043
AA1019,10.25378/janelia.7822046
AA1020,10.25378/janelia.7822055
AA1021,10.25378/janelia.7822061
AA1022,10.25378/janelia.7822067
AA1023,10.25378/janelia.7822085
AA1024,10.25378/janelia.7822088
AA1025,10.25378/janelia.7822091
AA1026,10.25378/janelia.7822094
AA1027,10.25378/janelia.7822103
AA1028,10.25378/janelia.7822109
AA1029,10.25378/janelia.7822112
AA1030,10.25378/janelia.7822115
AA1031,10.25378/janelia.7822244
AA1032,10.25378/janelia.7822247
AA1033,10.25378/janelia.7822259
AA1034,10.25378/janelia.7822262
AA1035,10.25378/janelia.7822265
AA1036,10.25378/janelia.7822268
AA1037,10.25378/janelia.7822271
AA1038,10.25378/janelia.7822274
AA1039,10.25378/janelia.7822277
AA1040,10.25378/janelia.7822280
AA1041,10.25378/janelia.7822283
AA1042,10.25378/janelia.7822298
AA1043,10.25378/janelia.7822304
AA1044,10.25378/janelia.7822307
AA1045,10.25378/janelia.7822310
AA1046,10.25378/janelia.7822313
AA1047,10.25378/janelia.7822316
AA1048,10.25378/janelia.7822319
AA1049,10.25378/janelia.7822322
AA1050,10.25378/janelia.7825115
AA1051,10.25378/janelia.7825118
AA1052,10.25378/janelia.7825124
AA1053,10.25378/janelia.7825130
AA1054,10.25378/janelia.7825133
AA1055,10.25378/janelia.7825136
AA1056,10.25378/janelia.7825139
AA1057,10.25378/janelia.7825142
AA1058,10.25378/janelia.7825148
AA1059,10.25378/janelia.7825151
AA1060,10.25378/janelia.7825154
AA1061,10.25378/janelia.7825157
AA1062,10.25378/janelia.7825160
AA1063,10.25378/janelia.7825166
AA1064,10.25378/janelia.7825172
AA1065,10.25378/janelia.7825175
AA1066,10.25378/janelia.7825199
AA1067,10.25378/janelia.7825205
AA1068,10.25378/janelia.7825208
AA1069,10.25378/janelia.7825211
AA1070,10.25378/janelia.7825214
AA1071,10.25378/janelia.7825223
AA1072,10.25378/janelia.7825232
AA1073,10.25378/janelia.7825241
AA1074,10.25378/janelia.7825256
AA1075,10.25378/janelia.7825259
AA1076,10.25378/janelia.7825262
AA1077,10.25378/janelia.7825265
AA1078,10.25378/janelia.7825271
AA1079,10.25378/janelia.7825301
AA1080,10.25378/janelia.7825304
AA1081,10.25378/janelia.7825307
AA1082,10.25378/janelia.7825316
AA1083,10.25378/janelia.7825319
AA1084,10.25378/janelia.7825322
AA1085,10.25378/janelia.7825331
AA1086,10.25378/janelia.7825340
AA1087,10.25378/janelia.7825349
AA1088,10.25378/janelia.7825358
AA1089,10.25378/janelia.7825367
AA1090,10.25378/janelia.7825373
AA1091,10.25378/janelia.7825391
AA1092,10.25378/janelia.7825394
AA1093,10.25378/janelia.7825421
AA1094,10.25378/janelia.7825433
AA1095,10.25378/janelia.7825439
AA1096,10.25378/janelia.7827908
AA1097,10.25378/janelia.7827911
AA1098,10.25378/janelia.7827926
AA1099,10.25378/janelia.7827929
AA1100,10.25378/janelia.7827941
